{"stats":{"minecraft:killed":{"minecraft:sheep":1},"minecraft:picked_up":{"minecraft:crafting_table":1,"minecraft:acacia_log":12,"minecraft:oak_log":5,"minecraft:coal":6,"minecraft:mutton":1,"minecraft:white_wool":1,"minecraft:sugar_cane":3,"minecraft:dirt":5,"minecraft:cobblestone":24},"minecraft:mined":{"minecraft:coal_ore":6,"minecraft:short_grass":9,"minecraft:acacia_log":12,"minecraft:grass_block":2,"minecraft:oak_log":5,"minecraft:dirt":3,"minecraft:tall_grass":1,"minecraft:stone":24,"minecraft:sugar_cane":1,"minecraft:crafting_table":1},"minecraft:crafted":{"minecraft:acacia_planks":12,"minecraft:stone_axe":1,"minecraft:crafting_table":1,"minecraft:stick":8,"minecraft:stone_pickaxe":1,"minecraft:wooden_pickaxe":1},"minecraft:used":{"minecraft:stone_axe":18,"minecraft:dirt":5,"minecraft:crafting_table":1,"minecraft:stone_pickaxe":12,"minecraft:wooden_pickaxe":20},"minecraft:custom":{"minecraft:time_since_rest":5373,"minecraft:crouch_one_cm":313,"minecraft:play_time":5373,"minecraft:sprint_one_cm":4932,"minecraft:damage_taken":10,"minecraft:walk_one_cm":9956,"minecraft:sneak_time":360,"minecraft:mob_kills":1,"minecraft:jump":63,"minecraft:damage_dealt":80,"minecraft:leave_game":1,"minecraft:time_since_death":5373,"minecraft:total_world_time":5373,"minecraft:interact_with_crafting_table":4,"minecraft:fall_one_cm":1440,"minecraft:fly_one_cm":12292}},"DataVersion":3953}